Rk,Player,STL%,BLK%,DWS,DBPM
1,Precious Achiuwa\achiupr01,1.3,4,1,-0.5
2,Jaylen Adams\adamsja01,0,0,0,-4.6
3,Steven Adams\adamsst01,1.6,2.2,1.7,0.1
4,Bam Adebayo\adebaba01,1.7,3.2,3.2,2
5,LaMarcus Aldridge\aldrila01,0.8,3.7,0.6,-0.2
5,LaMarcus Aldridge\aldrila01,0.7,2.8,0.5,-0.7
5,LaMarcus Aldridge\aldrila01,1.1,7.4,0.2,2.1
6,Ty-Shon Alexander\alexaty01,0,1.9,0,-1.7
7,Nickeil Alexander-Walker\alexani01,2.2,2.1,1,0.1
8,Grayson Allen\allengr01,1.7,0.6,1.2,0.1
9,Jarrett Allen\allenja01,0.8,4.3,2.1,-0.2
9,Jarrett Allen\allenja01,1.1,5.2,0.5,0.9
9,Jarrett Allen\allenja01,0.8,4.1,1.6,-0.4
10,Al-Farouq Aminu\aminual01,2.1,1.9,0.5,1.1
10,Al-Farouq Aminu\aminual01,2.3,2.2,0.4,1.3
10,Al-Farouq Aminu\aminual01,1.4,0,0.1,0.2
11,Kyle Anderson\anderky01,2.1,2.7,2.7,1.9
12,Giannis Antetokounmpo\antetgi01,1.7,3.2,3.3,2.8
13,Kostas Antetokounmpo\antetko01,1.7,6.4,0.1,0.8
14,Thanasis Antetokounmpo\antetth01,1.9,1.6,0.6,0.2
15,Carmelo Anthony\anthoca01,1.3,2,0.8,-1.3
16,Cole Anthony\anthoco01,1.1,1.3,0.9,-1.4
17,OG Anunoby\anunoog01,2.2,2.2,1.6,0.4
18,Ryan Arcidiacono\arcidry01,1,0,0.4,0.3
19,Trevor Ariza\arizatr01,1.8,2.2,1,0.1
20,D.J. Augustin\augusdj01,1.2,0.1,0.5,-1.5
20,D.J. Augustin\augusdj01,1.3,0.1,0.4,-0.9
20,D.J. Augustin\augusdj01,0.9,0,0.1,-2.6
21,Deni Avdija\avdijde01,1.2,1,1.2,0.4
22,Deandre Ayton\aytonde01,1,3.4,3.1,0.1
23,Udoka Azubuike\azubuud01,0.9,5.7,0.1,1.7
24,Dwayne Bacon\bacondw01,1.2,0.2,0.9,-1.4
25,Marvin Bagley III\baglema01,0.9,1.6,0.5,-2.7
26,LaMelo Ball\ballla01,2.7,1.2,1.9,0.7
27,Lonzo Ball\balllo01,2.3,1.7,1.7,0.3
28,Mo Bamba\bambamo01,0.9,7.3,1.1,0
29,Desmond Bane\banede01,1.3,0.9,1.3,-0.2
30,Harrison Barnes\barneha02,1,0.4,0.5,-1.3
31,RJ Barrett\barrerj01,1.1,0.8,3.1,-0.3
32,Will Barton\bartowi01,1.4,1.3,1.5,-0.8
33,Keita Bates-Diop\bateske01,2.2,1.7,0.3,0.4
34,Nicolas Batum\batumni01,1.9,1.8,2.3,1.5
35,Aron Baynes\baynear01,0.8,2.3,0.9,-1.1
36,Kent Bazemore\bazemke01,2.4,2.2,2.1,1.7
37,Darius Bazley\bazleda01,0.8,1.3,1.4,-1.3
38,Bradley Beal\bealbr01,1.5,0.9,1.7,-1.4
39,Malik Beasley\beaslma01,1.2,0.5,0.4,-1.8
40,Jordan Bell\belljo01,1.7,5.2,0.1,0.1
40,Jordan Bell\belljo01,2.1,3.7,0.1,-0.3
40,Jordan Bell\belljo01,0,11.8,0,1.7
41,DeAndre' Bembry\bembrde01,2.6,1.9,1.1,1.4
42,Dāvis Bertāns\bertada01,1,0.7,1,-1.1
43,Patrick Beverley\beverpa01,1.7,3,1,1.4
44,Saddiq Bey\beysa01,1.3,0.6,1.7,-0.8
45,Tyler Bey\beyty01,0,1.3,0,-3.9
46,Khem Birch\birchkh01,1.5,3.1,1.4,0.1
46,Khem Birch\birchkh01,1.6,2.7,0.8,0.1
46,Khem Birch\birchkh01,1.3,3.8,0.6,0
47,Goga Bitadze\bitadgo01,0.8,8.7,0.8,1
48,Bismack Biyombo\biyombi01,0.6,5.4,1.4,0.4
49,Nemanja Bjelica\bjeline01,1.2,0.8,0.3,-0.8
49,Nemanja Bjelica\bjeline01,0.9,0.4,0.1,-1.3
49,Nemanja Bjelica\bjeline01,2.2,2,0.2,0.4
50,Eric Bledsoe\bledser01,1.2,1.1,1.3,-0.9
51,Keljin Blevins\blevike01,1.3,0,0,-2.3
52,Bogdan Bogdanović\bogdabo01,1.8,0.9,1.1,0.3
53,Bojan Bogdanović\bogdabo02,1,0.1,2.5,-0.7
54,Bol Bol\bolbo01,0.9,6.1,0.2,-0.3
55,Marques Bolden\boldema01,3.4,6.1,0,0.8
56,Jordan Bone\bonejo01,0.5,0,0.1,-1.2
57,Isaac Bonga\bongais01,1.2,1.7,0.4,0
58,Devin Booker\bookede01,1.2,0.6,2,-1.4
59,Chris Boucher\bouchch01,1.2,7.6,2.1,0.6
60,Brian Bowen\bowenbr02,0,0,0,-2.9
61,Avery Bradley\bradlav01,1.7,0.5,0.4,-0.5
61,Avery Bradley\bradlav01,1.6,0.5,0.2,0.1
61,Avery Bradley\bradlav01,1.7,0.5,0.2,-0.8
62,Tony Bradley\bradlto01,1,3.9,1,0.1
62,Tony Bradley\bradlto01,1,4.1,0.5,1
62,Tony Bradley\bradlto01,1.1,3.8,0.5,-0.5
63,Jarrell Brantley\brantja01,2.5,1.2,0.2,1.6
64,Ignas Brazdeikis\brazdig01,0.8,1.1,0.1,-2.1
64,Ignas Brazdeikis\brazdig01,0,0,0,-1.2
64,Ignas Brazdeikis\brazdig01,0,0,0,-6.2
64,Ignas Brazdeikis\brazdig01,0.8,1.2,0.1,-2
65,Mikal Bridges\bridgmi01,1.6,2.4,2.6,0.9
66,Miles Bridges\bridgmi02,1.1,2.7,1.9,0.1
67,Amida Brimah\brimaam01,0,14,0.1,1.4
68,Oshae Brissett\brissos01,1.7,3.1,0.6,-0.5
69,Malcolm Brogdon\brogdma01,1.2,0.6,1.3,-0.9
70,Armoni Brooks\brookar01,1.1,0.9,0.2,-2.1
71,Dillon Brooks\brookdi01,1.9,1.2,1.8,-1.1
72,Bruce Brown\brownbr01,1.9,1.7,1.5,0.2
73,Charlie Brown Jr.\brownch02,1.3,1.2,0.1,-1.3
74,Jaylen Brown\brownja02,1.8,1.5,2,-0.7
75,Moses Brown\brownmo01,1.6,4.5,1.3,-1.2
76,Sterling Brown\brownst02,1.5,0.9,0.8,0
77,Troy Brown Jr.\browntr01,0.9,1,0.5,-0.6
77,Troy Brown Jr.\browntr01,0.5,1.2,0.2,-1.3
77,Troy Brown Jr.\browntr01,1.4,0.7,0.2,0.2
78,Jalen Brunson\brunsja01,1,0.1,1.1,-0.6
79,Elijah Bryant\bryanel01,0,2.8,0,-3.4
80,Thomas Bryant\bryanth01,0.7,2.5,0.2,-0.6
81,Reggie Bullock\bullore01,1.3,0.5,2.3,0.8
82,Trey Burke\burketr01,1.9,0.7,0.7,-0.4
83,Alec Burks\burksal01,1.2,1.1,1.8,0.6
84,Jimmy Butler\butleji01,3.1,1.1,2.7,2.3
85,Bruno Caboclo\cabocbr01,0,5,0,-1.7
86,Devontae Cacok\cacokde01,2.5,3.7,0.2,0.4
87,Kentavious Caldwell-Pope\caldwke01,1.6,1.2,2.6,1
88,Facundo Campazzo\campafa01,2.7,1,1.5,1.2
89,Vlatko Čančar\cancavl01,1.9,0.7,0.3,0
90,Devin Cannady\cannade01,3.3,1.2,0.1,1
91,Clint Capela\capelca01,1.1,6,3.3,0
92,Vernon Carey Jr.\careyve01,0.4,4.3,0.1,-1.7
93,Jevon Carter\carteje01,2,1.1,0.8,0.9
94,Wendell Carter Jr.\cartewe01,1.2,2.7,1.7,-0.2
94,Wendell Carter Jr.\cartewe01,1.1,2.6,1,0.4
94,Wendell Carter Jr.\cartewe01,1.4,2.8,0.7,-1
95,Michael Carter-Williams\cartemi01,1.5,1.9,0.6,-0.2
96,Alex Caruso\carusal01,2.6,1.1,2.1,2.5
97,Willie Cauley-Stein\caulewi01,1.1,4.4,1.2,0.9
98,Chris Chiozza\chiozch01,1.5,2.3,0.2,-0.6
99,Marquese Chriss\chrisma01,0,6.5,0.1,0.3
100,Gary Clark\clarkga01,1,1,0.4,-0.7
100,Gary Clark\clarkga01,0.9,1,0.3,-0.7
100,Gary Clark\clarkga01,0,0,0,-2
100,Gary Clark\clarkga01,3.7,0,0,0.6
101,Brandon Clarke\clarkbr01,2,3.2,2,1.2
102,Jordan Clarkson\clarkjo01,1.6,0.4,2.5,-0.4
103,Nic Claxton\claxtni01,1.9,5.9,0.9,1.4
104,Amir Coffey\coffeam01,1.3,0,0.3,-0.1
105,John Collins\collijo01,0.9,3,1.9,-0.2
106,Mike Conley\conlemi01,2.3,0.5,2.1,1.3
107,Pat Connaughton\connapa01,1.5,1.3,1.7,0.5
108,Quinn Cook\cookqu01,1.3,0.6,0.1,-0.2
108,Quinn Cook\cookqu01,0.8,1.4,0.1,-0.1
108,Quinn Cook\cookqu01,1.6,0,0.1,-0.2
109,Tyler Cook\cookty01,0.9,0.4,0.3,-0.9
109,Tyler Cook\cookty01,0,0,0,-1
109,Tyler Cook\cookty01,0.9,0.4,0.3,-0.8
110,DeMarcus Cousins\couside01,2.3,3,1.2,1.6
110,DeMarcus Cousins\couside01,2,3.2,0.8,1.5
110,DeMarcus Cousins\couside01,3.1,2.6,0.4,1.9
111,Robert Covington\covinro01,2.2,3.4,2.4,1.5
112,Torrey Craig\craigto01,1.7,2.9,1.1,0.7
112,Torrey Craig\craigto01,2.1,3.1,0.3,1.6
112,Torrey Craig\craigto01,1.6,2.8,0.8,0.4
113,Jae Crowder\crowdja01,1.4,1.5,1.9,0.8
114,Jarrett Culver\culveja01,1.6,1.6,0.3,-1.1
115,Seth Curry\curryse01,1.3,0.4,1.7,-0.4
116,Stephen Curry\curryst01,1.7,0.3,2.5,0.4
117,Nate Darling\darlina01,0,3.8,0,-2.5
118,Anthony Davis\davisan02,1.9,4.5,2.4,2.2
119,Ed Davis\davised01,2.1,3.8,0.4,1.1
120,Terence Davis\daviste02,2,1.2,0.8,-0.9
120,Terence Davis\daviste02,1.7,1.4,0.4,-0.8
120,Terence Davis\daviste02,2.2,1,0.3,-0.9
121,Gabriel Deck\deckga01,1.8,0,0.1,-0.4
122,Dewayne Dedmon\dedmode01,2.1,3,0.4,0.5
123,Matthew Dellavedova\dellama01,0.9,0.4,0.1,-1.9
124,DeMar DeRozan\derozde01,1.3,0.6,1.5,-0.1
125,Mamadi Diakite\diakima01,2.3,3.8,0.2,0.9
126,Hamidou Diallo\diallha01,1.6,1.7,1.3,0.1
126,Hamidou Diallo\diallha01,1.9,1.4,0.8,0.6
126,Hamidou Diallo\diallha01,1.1,2.2,0.5,-0.8
127,Gorgui Dieng\dienggo01,2.3,2.6,0.8,1.5
127,Gorgui Dieng\dienggo01,2.2,3.4,0.6,1.6
127,Gorgui Dieng\dienggo01,2.4,0.9,0.2,1.5
128,Spencer Dinwiddie\dinwisp01,1.5,1.4,0.1,2.6
129,Donte DiVincenzo\divindo01,1.9,0.7,2.1,0.4
130,Luka Dončić\doncilu01,1.4,1.5,2.6,0.7
131,Luguentz Dort\dortlu01,1.4,1.1,1,-0.9
132,Damyean Dotson\dotsoda01,0.9,0.4,0.3,-1.4
133,Devon Dotson\dotsode01,3.9,0,0.1,2.2
134,Sekou Doumbouya\doumbse01,1.4,0.9,0.7,-1.3
135,PJ Dozier\doziepj01,1.4,2,1.1,-0.4
136,Goran Dragić\dragigo01,1.2,0.6,1.2,-1.3
137,Andre Drummond\drumman01,2.5,3.5,2.5,0.5
137,Andre Drummond\drumman01,2.7,3.6,1.3,0.2
137,Andre Drummond\drumman01,2.2,3.4,1.2,1
138,Jared Dudley\dudleja01,0.6,1.1,0.1,0.9
139,Kris Dunn\dunnkr01,2.2,3.9,0.1,-0.1
140,Kevin Durant\duranke01,1,3.4,1.2,0.8
141,Anthony Edwards\edwaran01,1.7,1.3,1.4,-1.7
142,Carsen Edwards\edwarca01,1.2,0.3,0.2,-1.3
143,CJ Elleby\ellebcj01,1.5,1.4,0.1,-0.9
144,Henry Ellenson\ellenhe01,0,0,0,-0.1
145,Wayne Ellington\ellinwa01,0.9,0.8,0.5,-1.3
146,Joel Embiid\embiijo01,1.5,3.9,3.2,1.2
147,James Ennis III\ennisja01,1.6,0.6,0.7,-0.3
148,Drew Eubanks\eubandr01,1.2,5.5,1.1,1
149,Dante Exum\exumda01,1.7,1.5,0.1,1.6
150,Tacko Fall\fallta01,0.4,13.7,0.3,2.9
151,Derrick Favors\favorde01,1.5,5.3,2.2,2.4
152,Cristiano Felício\feliccr01,2.3,0,0.1,1.2
153,Terrance Ferguson\fergute01,1,0,0,-2.2
154,Bruno Fernando\fernabr01,0.9,1.2,0.3,-0.4
155,Yogi Ferrell\ferreyo01,2.5,2,0.2,0.8
155,Yogi Ferrell\ferreyo01,3.7,2.2,0.1,1
155,Yogi Ferrell\ferreyo01,2.1,1.9,0.1,0.7
156,Dorian Finney-Smith\finnedo01,1.3,1.2,1.6,0
157,Malik Fitts\fittsma01,0,0,0,-2.1
158,Malachi Flynn\flynnma01,2,0.8,0.8,-0.2
159,Bryn Forbes\forbebr01,0.8,0.1,0.7,-1.7
160,Trent Forrest\forretr01,1.5,1.1,0.4,1.2
161,Evan Fournier\fournev01,1.8,1.4,1,-0.4
161,Evan Fournier\fournev01,1.7,1,0.5,-0.6
161,Evan Fournier\fournev01,2.1,2,0.5,0.1
162,De'Aaron Fox\foxde01,2.1,1.1,0.8,-1.3
163,Robert Franks\frankro01,1.4,2.7,0.1,-0.8
164,Tim Frazier\fraziti01,1.5,1.5,0.1,-1.2
165,Enes Freedom\kanteen01,0.9,2.4,1.7,-1.4
166,Markelle Fultz\fultzma01,1.8,0.8,0.1,-0.9
167,Wenyen Gabriel\gabriwe01,1.8,3.1,0.3,-0.1
168,Daniel Gafford\gaffoda01,1.5,8.1,1.3,1.6
168,Daniel Gafford\gaffoda01,1.4,7.7,0.6,1.6
168,Daniel Gafford\gaffoda01,1.7,8.4,0.7,1.6
169,Danilo Gallinari\gallida01,1.2,0.7,1,-0.6
170,Langston Galloway\gallola01,0.9,0,0.3,-0.8
171,Darius Garland\garlada01,1.8,0.3,0.9,-2.1
172,Marc Gasol\gasolma01,1.3,5.2,1.9,3.7
173,Rudy Gay\gayru01,1.6,2.5,1.7,0
174,Paul George\georgpa01,1.7,1.2,2.3,0.3
175,Taj Gibson\gibsota01,1.7,5,1.7,2.1
176,Harry Giles\gilesha01,1.1,3.3,0.4,0.2
177,Shai Gilgeous-Alexander\gilgesh01,1.1,1.7,0.8,0.2
178,Anthony Gill\gillan01,2.1,1.5,0.3,0.3
179,Freddie Gillespie\gillefr01,1.6,5.1,0.5,-0.1
180,Rudy Gobert\goberru01,0.9,7,5.2,2.8
181,Brandon Goodwin\goodwbr01,1.3,0,0.4,-0.6
182,Aaron Gordon\gordoaa01,1.2,2.3,1.2,-0.1
182,Aaron Gordon\gordoaa01,1.1,2.5,0.6,0.1
182,Aaron Gordon\gordoaa01,1.3,2.1,0.6,-0.3
183,Eric Gordon\gordoer01,0.8,1.5,0.2,-1.7
184,Devonte' Graham\grahade01,1.4,0.4,0.9,-1.1
185,Jerami Grant\grantje01,0.9,2.8,1.6,-0.8
186,Danny Green\greenda02,2.3,2.6,3.1,1.5
187,Draymond Green\greendr01,2.5,2.3,3.4,3.3
188,JaMychal Green\greenja01,1.1,1.9,1.2,-1
189,Javonte Green\greenja02,2.9,1.1,0.6,1.7
189,Javonte Green\greenja02,2.5,0.5,0.3,1.3
189,Javonte Green\greenja02,3.8,2.7,0.2,2.8
190,Jeff Green\greenje02,0.9,1.3,1.2,-0.9
191,Josh Green\greenjo02,1.8,0.6,0.4,0.1
192,Blake Griffin\griffbl01,1.3,1.1,1.1,0
192,Blake Griffin\griffbl01,1.1,0.3,0.5,-0.3
192,Blake Griffin\griffbl01,1.6,2,0.6,0.3
193,Kyle Guy\guyky01,1.2,0,0.1,-2.1
194,Rui Hachimura\hachiru01,1.1,0.3,1.4,-1
195,Ashton Hagans\haganas01,0,0,0,-7.4
196,Tyrese Haliburton\halibty01,2.1,1.4,0.7,-0.5
197,Donta Hall\halldo01,1.4,5.1,0.2,0.6
198,Josh Hall\halljo01,0.6,0.3,0.2,-2.2
199,R.J. Hampton\hamptrj01,1.2,1,0.7,-1.2
199,R.J. Hampton\hamptrj01,1.1,0.8,0.2,-0.9
199,R.J. Hampton\hamptrj01,1.2,1.1,0.5,-1.3
200,Tim Hardaway Jr.\hardati02,0.8,0.5,1.2,-1.7
201,James Harden\hardeja01,1.6,1.8,1.7,1
201,James Harden\hardeja01,1.1,1.8,0.2,-0.5
201,James Harden\hardeja01,1.7,1.8,1.5,1.3
202,Maurice Harkless\harklma01,1.9,2.3,0.4,0.1
202,Maurice Harkless\harklma01,0.8,3.4,0.1,0.7
202,Maurice Harkless\harklma01,2.1,2.1,0.3,0
203,Jared Harper\harpeja01,0,0,0,-5.5
204,Montrezl Harrell\harremo01,1.4,2.8,2.7,0.7
205,Gary Harris\harriga01,1.3,1,0.6,-1.3
205,Gary Harris\harriga01,1.4,0.7,0.4,-0.6
205,Gary Harris\harriga01,1.1,1.3,0.2,-2.2
206,Jalen Harris\harrija01,2.3,0,0.1,-0.3
207,Joe Harris\harrijo01,1,0.6,1.1,-1.2
208,Tobias Harris\harrito02,1.3,2.3,3.1,0.8
209,Shaquille Harrison\harrish01,2.5,1.5,0.4,1.5
209,Shaquille Harrison\harrish01,1.7,0,0.1,-0.3
209,Shaquille Harrison\harrish01,2.7,1.8,0.4,1.8
210,Josh Hart\hartjo01,1.4,0.8,1.3,0.3
211,Isaiah Hartenstein\harteis01,1.7,6.5,0.9,1.5
211,Isaiah Hartenstein\harteis01,2,7.2,0.5,0.6
211,Isaiah Hartenstein\harteis01,1.4,5.9,0.4,2.3
212,Udonis Haslem\hasleud01,0,0,0,7
213,Jaxson Hayes\hayesja02,1.2,3.7,1,0
214,Killian Hayes\hayeski01,2,1.3,0.6,-0.9
215,Gordon Hayward\haywago01,1.7,0.9,1.4,-0.1
216,Juancho Hernangómez\hernaju01,1,0.7,0.5,-1.8
217,Willy Hernangómez\hernawi01,1.2,2.6,1,-1
218,Tyler Herro\herroty01,1.1,1.1,1.6,-1
219,Buddy Hield\hieldbu01,1.2,1,0.7,-1.6
220,George Hill\hillge01,1.6,0.7,0.6,-0.2
220,George Hill\hillge01,1.5,0.5,0.2,0.1
220,George Hill\hillge01,1.8,0.9,0.4,-0.5
221,Solomon Hill\hillso01,1.6,0.6,1.2,0.5
222,Nate Hinton\hintona01,3.7,2,0.1,1
223,Jaylen Hoard\hoardja01,1.9,1.4,0.3,-0.3
224,Aaron Holiday\holidaa01,1.8,0.9,0.8,-0.9
225,Jrue Holiday\holidjr01,2.4,1.7,2.2,0.6
226,Justin Holiday\holidju01,1.6,1.5,1.8,-0.1
227,Rondae Hollis-Jefferson\holliro01,0.9,3.4,0.1,1.2
228,Richaun Holmes\holmeri01,1.1,4.6,1.4,0
229,Rodney Hood\hoodro01,1.2,0.7,0.3,-1.4
229,Rodney Hood\hoodro01,1.3,0.5,0.2,-1.5
229,Rodney Hood\hoodro01,0.9,1.4,0.1,-1.4
230,Al Horford\horfoal01,1.5,2.9,0.9,1.4
231,Talen Horton-Tucker\hortota01,2.4,1.4,2.2,1.5
232,Danuel House Jr.\houseda01,1,1.5,0.5,-0.7
233,Dwight Howard\howardw01,1.2,4.7,2.6,0.6
234,Markus Howard\howarma02,1,0.5,0.1,-3.2
235,Kevin Huerter\huertke01,1.9,0.7,1.7,0.4
236,Elijah Hughes\hugheel01,0.8,1.3,0.1,-1.3
237,De'Andre Hunter\huntede01,1.4,1.6,0.6,0.6
238,Chandler Hutchison\hutchch01,1.6,1.2,0.4,0.2
238,Chandler Hutchison\hutchch01,0.8,0,0.1,-0.7
238,Chandler Hutchison\hutchch01,1.8,1.5,0.3,0.3
239,Serge Ibaka\ibakase01,0.5,4.4,1.3,0.2
240,Andre Iguodala\iguodan01,2.1,2.7,1.8,1.8
241,Ersan İlyasova\ilyaser01,3.3,1.6,0.3,1.7
242,Joe Ingles\inglejo01,1.2,0.5,2.3,0.9
243,Brandon Ingram\ingrabr01,1,1.6,1.3,-1.1
244,Kyrie Irving\irvinky01,1.9,1.7,1.6,-0.2
245,Wes Iwundu\iwundwe01,1.4,0.7,0.4,-0.3
245,Wes Iwundu\iwundwe01,1.5,1,0.3,0.5
245,Wes Iwundu\iwundwe01,1.1,0.4,0.2,-1.2
246,Frank Jackson\jacksfr01,1,0.1,0.4,-1.6
247,Jaren Jackson Jr.\jacksja02,2.2,6.3,0.5,0.7
248,Josh Jackson\jacksjo02,1.7,2.6,1.7,-0.5
249,Justin Jackson\jacksju01,1.2,0.3,0.3,-1.2
249,Justin Jackson\jacksju01,1.3,0.3,0.3,-1
249,Justin Jackson\jacksju01,0,0,0,-4.8
250,Reggie Jackson\jacksre01,1.3,0.4,1.4,-0.2
251,Justin James\jamesju01,1.2,0.8,0,-2.3
252,LeBron James\jamesle01,1.6,1.5,2.6,2.3
253,Mike James\jamesmi02,1.2,0.4,0.1,-2.3
254,DaQuan Jeffries\jeffrda01,1.4,1.8,0.2,-1.1
254,DaQuan Jeffries\jeffrda01,1.4,1.5,0.1,-1.6
254,DaQuan Jeffries\jeffrda01,1.5,2.1,0.2,-0.6
255,Ty Jerome\jeromty01,1.2,0.7,0.4,-0.8
256,Isaiah Joe\joeis01,1.5,0.9,0.4,-1
257,Alize Johnson\johnsal02,1.3,2.3,0.3,0
258,Cameron Johnson\johnsca02,1.3,1,1.4,-0.2
259,James Johnson\johnsja01,2,3.8,1.3,1.5
259,James Johnson\johnsja01,2.3,4.2,0.7,2.5
259,James Johnson\johnsja01,1.6,3.3,0.5,0.5
260,Keldon Johnson\johnske04,1,1,1.7,-0.7
261,Stanley Johnson\johnsst04,2.5,1.8,1.1,1.2
262,Tyler Johnson\johnsty01,1,0,0.3,-1
263,Nikola Jokić\jokicni01,1.9,1.9,3.4,3
264,Damian Jones\jonesda03,1,4.6,0.5,0.8
264,Damian Jones\jonesda03,0.5,4.8,0.1,1.1
264,Damian Jones\jonesda03,0.4,5.6,0.2,1.8
264,Damian Jones\jonesda03,1.3,4.2,0.2,0.3
265,Derrick Jones Jr.\jonesde02,1.4,3.7,0.8,0
266,Mason Jones\jonesma05,1,0.3,0.2,-1.2
266,Mason Jones\jonesma05,0.9,0.3,0.1,-1.4
266,Mason Jones\jonesma05,1.8,0,0,0.2
267,Tre Jones\jonestr01,1.4,0,0.1,-1.3
268,Tyus Jones\jonesty01,2.5,0.4,1.3,0.9
269,DeAndre Jordan\jordade01,0.7,4.6,1.5,1
270,Cory Joseph\josepco01,2,1.1,0.8,0
270,Cory Joseph\josepco01,2,0.8,0.3,-0.3
270,Cory Joseph\josepco01,2.1,1.6,0.5,0.4
271,Mfiondu Kabengele\kabenmf01,1.4,4.1,0.3,0.1
271,Mfiondu Kabengele\kabenmf01,1.1,2.8,0.1,-0.9
271,Mfiondu Kabengele\kabenmf01,1.6,4.8,0.2,0.6
272,Frank Kaminsky\kaminfr01,1,2.1,0.9,0.8
273,Luke Kennard\kennalu01,0.9,0.7,1.1,-0.5
274,Louis King\kinglo02,4,3,0.1,2.5
275,Maxi Kleber\klebima01,0.9,2.4,1.3,0.5
276,Nathan Knight\knighna01,1.6,3.2,0.3,-1
277,Kevin Knox\knoxke01,1.3,1.2,0.6,0.4
278,John Konchar\konchjo01,2.5,1.4,0.8,1.4
279,Furkan Korkmaz\korkmfu01,2.2,0.8,1.5,0.2
280,Luke Kornet\kornelu01,0.6,8.5,0.5,1.6
280,Luke Kornet\kornelu01,1,6.5,0.1,1.3
280,Luke Kornet\kornelu01,0.4,9.2,0.3,1.8
281,Rodions Kurucs\kurucro01,3.4,2.9,0.2,1.8
281,Rodions Kurucs\kurucro01,0,0,0,0.8
281,Rodions Kurucs\kurucro01,3.8,4.8,0.1,1.5
281,Rodions Kurucs\kurucro01,4.1,0,0.1,3.1
282,Kyle Kuzma\kuzmaky01,0.9,1.9,2.9,-0.1
283,Anthony Lamb\lamban01,0.7,1.1,0.1,-2.7
284,Jeremy Lamb\lambje01,2.1,2.4,0.9,0.7
285,Romeo Langford\langfro01,1,1.7,0.2,0.2
286,Zach LaVine\lavinza01,1.1,1.2,1.8,-0.8
287,Jake Layman\laymaja01,2.2,2.6,0.5,0.2
288,T.J. Leaf\leaftj01,2.8,2.6,0,0.9
289,Jalen Lecque\lecquja01,0,0,0,-6.3
290,Damion Lee\leeda03,1.7,0.7,1.3,0.9
291,Saben Lee\leesa01,2,1.5,0.8,0.2
292,Alex Len\lenal01,0.9,5.6,1.3,1
292,Alex Len\lenal01,0.6,7.9,0.1,2.5
292,Alex Len\lenal01,1,5.4,1.2,0.9
293,Kawhi Leonard\leonaka01,2.3,1.1,2.4,1.3
294,Meyers Leonard\leoname01,0,0,0,-0.4
295,Caris LeVert\leverca01,2.1,1.7,1.5,-0.5
295,Caris LeVert\leverca01,1.9,1.6,0.3,-0.6
295,Caris LeVert\leverca01,2.2,1.7,1.2,-0.5
296,Kira Lewis Jr.\lewiski01,2,1,0.6,-0.2
297,Damian Lillard\lillada01,1.3,0.6,0.8,-1.3
298,Nassir Little\littlna01,0.4,1.8,0.2,-1.6
299,Kevon Looney\looneke01,0.8,1.7,1.4,1
300,Brook Lopez\lopezbr01,1,4.8,2.2,0
301,Robin Lopez\lopezro01,0.5,2.7,0.9,-1.2
302,Didi Louzada\louzama01,1.7,0,0,-1.8
303,Kevin Love\loveke01,1.3,0.3,0.6,-0.9
304,Kyle Lowry\lowryky01,1.4,0.9,1.3,-0.4
305,Timothé Luwawu-Cabarrot\luwawti01,1.5,0.5,0.7,-1.2
306,Trey Lyles\lylestr01,0.8,0.2,0.3,-0.5
307,Will Magnay\magnawi01,0,0,0,-8.6
308,Thon Maker\makerth01,1.3,4.7,0.1,1.1
309,Théo Maledon\maledth01,1.5,0.5,1.1,-1
310,Karim Mané\maneka01,0,2.1,0,-0.8
311,Terance Mann\mannte01,1.1,0.9,1.3,0.3
312,Nico Mannion\mannini01,2.1,0.2,0.4,-0.5
313,Boban Marjanović\marjabo01,0.4,2.1,0.3,-2.6
314,Lauri Markkanen\markkla01,1,1,1.3,-0.9
315,Naji Marshall\marshna01,1.8,1.4,0.7,0.8
316,Caleb Martin\martica02,2.2,1.5,0.9,0.2
317,Cody Martin\martico01,2.1,1.4,0.9,0.7
318,Jeremiah Martin\martije02,3.3,2.4,0.1,-1.1
319,Kelan Martin\martike03,1.5,2.5,0.4,-1.3
320,Kenyon Martin Jr.\martike04,1.3,3.4,0.9,-0.4
321,Frank Mason III\masonfr01,0,0,0,-2.4
322,Garrison Mathews\mathega01,1.3,0.6,0.6,-0.1
323,Dakota Mathias\mathida01,0.4,2.2,0.1,-1
324,Wesley Matthews\matthwe02,1.6,1.3,1.5,1.4
325,Tyrese Maxey\maxeyty01,1.3,1.2,1.1,-0.5
326,Skylar Mays\mayssk01,2.6,0.7,0.3,0.7
327,Patrick McCaw\mccawpa01,2.9,0,0,3.6
328,CJ McCollum\mccolcj01,1.3,1.2,0.6,-1.1
329,T.J. McConnell\mccontj01,3.4,1,2.2,1.7
330,Jaden McDaniels\mcdanja02,1.1,3.4,0.9,-0.2
331,Jalen McDaniels\mcdanja01,1.5,2.1,0.9,-0.4
332,Doug McDermott\mcderdo01,0.6,0.3,0.7,-2
333,Sean McDermott\mcderse01,0.6,1.7,0.1,-1.2
334,JaVale McGee\mcgeeja01,1.4,7.3,1.1,0.8
334,JaVale McGee\mcgeeja01,1.6,7.1,0.8,1.2
334,JaVale McGee\mcgeeja01,0.8,7.8,0.3,-0.3
335,Rodney McGruder\mcgruro01,2,0.4,0.2,0
336,Alfonzo McKinnie\mckinal01,1.3,0,0.3,-0.8
337,Jordan McLaughlin\mclaujo01,2.6,0.6,0.6,0.2
338,Ben McLemore\mclembe01,1.2,0.9,0.7,-1.2
338,Ben McLemore\mclembe01,1.8,0.5,0.3,-1.1
338,Ben McLemore\mclembe01,0.4,1.5,0.4,-1.4
339,Nicolò Melli\mellini01,1.2,0.5,0.5,0
339,Nicolò Melli\mellini01,1.8,0.4,0.2,1.1
339,Nicolò Melli\mellini01,0.8,0.6,0.2,-0.8
340,De'Anthony Melton\meltode01,2.7,2.7,1.5,1.7
341,Sam Merrill\merrisa01,1.6,0.4,0.2,-0.3
342,Chimezie Metu\metuch01,1.4,3.1,0.3,-1.3
343,Khris Middleton\middlkh01,1.5,0.4,2.2,-0.3
344,Darius Miller\milleda01,3.1,2.3,0.2,2.7
345,Patty Mills\millspa02,1.2,0.2,0.8,-1.2
346,Paul Millsap\millspa01,2.2,3,1.6,0.7
347,Shake Milton\miltosh01,1.3,1.1,1.6,-1
348,Donovan Mitchell\mitchdo01,1.4,0.7,2.2,-0.2
349,Adam Mokoka\mokokad01,1.7,1.6,0.1,-1.6
350,Malik Monk\monkma01,1.1,0.5,0.5,-2
351,E'Twaun Moore\mooreet01,1.9,1.2,0.4,0.2
352,Ja Morant\moranja01,1.3,0.6,1.6,-1.6
353,Juwan Morgan\morgaju01,1.3,0.6,0.2,1.2
354,Marcus Morris\morrima03,1.1,0.9,1.5,-0.8
355,Markieff Morris\morrima02,0.9,1.4,1.8,0.3
356,Monte Morris\morrimo01,1.4,1.1,0.8,-0.5
357,Mychal Mulder\muldemy01,0.7,1.4,0.6,-1.2
358,Dejounte Murray\murrade01,2.3,0.3,2.6,1
359,Jamal Murray\murraja01,1.9,0.7,1.5,-0.7
360,Mike Muscala\muscami01,0.6,1.5,0.4,-1
361,Svi Mykhailiuk\mykhasv01,1.9,0.8,1.1,-0.7
361,Svi Mykhailiuk\mykhasv01,2.1,0.8,0.6,-0.2
361,Svi Mykhailiuk\mykhasv01,1.7,0.8,0.5,-1.1
362,Abdel Nader\naderab01,1.4,2.3,0.4,1
363,Larry Nance Jr.\nancela02,2.8,1.4,1.3,1.8
364,Aaron Nesmith\nesmiaa01,1.1,1.3,0.6,-0.4
365,Raul Neto\netora01,2.4,0.4,1.3,0.9
366,Georges Niang\niangge01,1.1,0.6,1.4,0.1
367,Zeke Nnaji\nnajize01,1,1,0.3,-1.1
368,Nerlens Noel\noelne01,2.3,8.7,3.6,3.8
369,Jaylen Nowell\nowelja01,1.4,1.4,0.4,-1.4
370,Frank Ntilikina\ntilila01,2.8,1.2,0.5,2.5
371,Kendrick Nunn\nunnke01,1.6,0.9,1.5,-0.4
372,James Nunnally\nunnaja01,0,0,0,-1.8
373,Jusuf Nurkić\nurkiju01,2.1,4,1.2,1.8
374,David Nwaba\nwabada01,2.1,2.8,0.6,0.6
375,Jordan Nwora\nworajo01,2.7,2.3,0.4,-0.4
376,Royce O'Neale\onealro01,1.2,1.2,3.3,2.1
377,Semi Ojeleye\ojelese01,0.9,0,0.6,-0.7
378,Jahlil Okafor\okafoja01,0.8,1.3,0.3,-0.7
379,Chuma Okeke\okekech01,2.1,1.8,1,0.5
380,Josh Okogie\okogijo01,2.1,2,0.8,0.3
381,Onyeka Okongwu\okongon01,1.9,4.8,0.8,0.8
382,Isaac Okoro\okorois01,1.4,1,1,-0.9
383,KZ Okpala\okpalkz01,1.1,2.6,0.4,-0.6
384,Victor Oladipo\oladivi01,2,1.2,1,-0.8
384,Victor Oladipo\oladivi01,2.4,0.5,0.3,-0.1
384,Victor Oladipo\oladivi01,1.7,1.3,0.5,-1
384,Victor Oladipo\oladivi01,3.1,1.9,0.2,-1.6
385,Cameron Oliver\oliveca01,1.1,4.1,0.1,-1
386,Kelly Olynyk\olynyke01,1.9,2.1,2.6,0.9
386,Kelly Olynyk\olynyke01,1.7,2.4,1.6,1
386,Kelly Olynyk\olynyke01,2.2,1.7,1,0.9
387,Miye Oni\onimi01,1,1.2,0.7,1.3
388,Cedi Osman\osmande01,1.7,0.5,1,-0.9
389,Daniel Oturu\oturuda01,1.2,3.9,0.2,-1.1
390,Kelly Oubre Jr.\oubreke01,1.6,2.2,2.2,-0.5
391,Jabari Parker\parkeja01,0.3,2.8,0.1,0
391,Jabari Parker\parkeja01,0,3.1,0,-1.4
391,Jabari Parker\parkeja01,0.4,2.7,0.1,0.2
392,Eric Paschall\pascher01,0.8,0.9,0.7,-0.9
393,Anžejs Pasečņiks\pasecan01,0,0,0,-5.9
394,Patrick Patterson\pattepa01,1.2,1.2,0.5,-0.1
395,Justin Patton\pattoju01,2.3,5.1,0.3,1.4
396,Chris Paul\paulch01,2.2,0.8,2.7,1.1
397,Cameron Payne\payneca01,1.6,1.3,1.2,1
398,Elfrid Payton\paytoel01,1.6,0.6,1.9,-0.1
399,Gary Payton II\paytoga02,7,2.2,0.1,8.2
400,Norvel Pelle\pelleno01,0.6,10,0.1,1.9
400,Norvel Pelle\pelleno01,0,9.4,0,-0.8
400,Norvel Pelle\pelleno01,0,0,0,-2.9
400,Norvel Pelle\pelleno01,1,11,0.1,3.7
401,Reggie Perry\perryre01,1.4,2.5,0.2,-1.4
402,Theo Pinson\pinsoth01,0,0,0,-2.5
403,Mason Plumlee\plumlma01,1.4,2.9,2.1,2
404,Jakob Poeltl\poeltja01,1.2,5.7,2.5,1.2
405,Vincent Poirier\poirivi01,0,6.9,0.1,-2.4
406,Aleksej Pokusevski\pokusal01,0.9,3.4,1,-1
407,Jordan Poole\poolejo01,1.2,0.8,0.9,-1.2
408,Jontay Porter\portejo01,2.7,1.7,0.1,0.3
409,Kevin Porter Jr.\porteke02,1.1,0.9,0.3,-2.4
410,Michael Porter Jr.\portemi01,1,2.8,2.1,-0.9
411,Otto Porter Jr.\porteot01,1.3,0.6,0.7,0
411,Otto Porter Jr.\porteot01,1.1,0.6,0.6,-0.3
411,Otto Porter Jr.\porteot01,2.9,0,0.1,1.7
412,Bobby Portis\portibo01,1.8,1.7,2,-0.4
413,Kristaps Porziņģis\porzikr01,0.7,4.1,1.7,-0.8
414,Dwight Powell\poweldw01,1.8,2.9,1.2,1.3
415,Norman Powell\powelno01,1.8,0.8,1.3,-0.7
415,Norman Powell\powelno01,1.8,0.6,0.9,-0.7
415,Norman Powell\powelno01,1.8,1,0.4,-0.7
416,Taurean Prince\princta02,1.5,2.3,0.8,-0.6
416,Taurean Prince\princta02,1.8,3.2,0.2,0.1
416,Taurean Prince\princta02,1.4,1.9,0.5,-0.8
417,Payton Pritchard\pritcpa01,1.4,0.7,0.9,-0.4
418,Immanuel Quickley\quickim01,1.2,0.9,1.4,-0.5
419,Jahmi'us Ramsey\ramseja01,2,0.9,0,-1.4
420,Chasson Randle\randlch01,1.3,0.5,0.4,-1.1
421,Julius Randle\randlju01,1.2,0.6,4.3,0.9
422,Cam Reddish\reddica01,2.2,1.1,0.7,0.1
423,J.J. Redick\redicjj01,0.7,0.4,0.3,-2.1
423,J.J. Redick\redicjj01,0.7,0.3,0.2,-2
423,J.J. Redick\redicjj01,0.7,0.6,0.1,-2.6
424,Paul Reed\reedpa01,2.7,6.6,0.4,0.8
425,Naz Reid\reidna01,1.2,4.9,1.3,-0.2
426,Cameron Reynolds\reynoca01,0,0,0,-4.6
426,Cameron Reynolds\reynoca01,0,0,0,-3.6
426,Cameron Reynolds\reynoca01,0,0,0,-4.8
427,Nick Richards\richani01,0,0,0,-2.1
428,Josh Richardson\richajo01,1.7,1.2,1.4,-0.2
429,Grant Riller\rillegr01,1.8,0,0,0.5
430,Austin Rivers\riverau01,1.8,0.2,0.9,0.3
430,Austin Rivers\riverau01,1.4,0,0.5,0.2
430,Austin Rivers\riverau01,2.2,0.5,0.4,0.4
431,Andre Roberson\roberan03,2.3,1.4,0.1,-0.9
432,Duncan Robinson\robindu01,0.9,0.9,1.8,-0.8
433,Glenn Robinson III\robingl02,0.5,0.7,0,-2.2
434,Jerome Robinson\robinje01,1.8,1.6,0.3,-0.1
435,Justin Robinson\robinju01,1.6,0,0,-1
436,Mitchell Robinson\robinmi01,2.1,5,1.7,1.5
437,Isaiah Roby\robyis01,1.7,2.3,1.5,0.4
438,Rajon Rondo\rondora01,2.4,0.5,0.8,0.3
438,Rajon Rondo\rondora01,2.3,0.4,0.4,0.3
438,Rajon Rondo\rondora01,2.4,0.5,0.4,0.4
439,Derrick Rose\rosede01,1.9,1.4,1.6,0.3
439,Derrick Rose\rosede01,2.6,1,0.3,-0.2
439,Derrick Rose\rosede01,1.7,1.5,1.2,0.5
440,Terrence Ross\rosste01,1.7,1.4,1,-0.8
441,Terry Rozier\roziete01,1.8,1.1,2,-0.5
442,Ricky Rubio\rubiori01,2.6,0.2,1.3,0
443,D'Angelo Russell\russeda01,1.8,1.3,0.6,-1.7
444,Domantas Sabonis\sabondo01,1.6,1.2,3,1.6
445,Luka Šamanić\samanlu01,1.3,2.2,0.3,-0.7
446,JaKarr Sampson\sampsja02,0.3,3.6,0.3,-2.3
447,Dario Šarić\saricda01,1.7,0.4,1,-0.6
448,Tomáš Satoranský\satorto01,1.5,0.9,1.1,0.1
449,Dennis Schröder\schrode01,1.7,0.6,2.7,0.1
450,Mike Scott\scottmi01,1.4,1.5,1.1,0.3
451,Jay Scrubb\scrubja01,2.4,0,0.1,-2.8
452,Collin Sexton\sextoco01,1.4,0.4,0.9,-1.9
453,Landry Shamet\shamela01,1.1,0.6,0.6,-1.5
454,Iman Shumpert\shumpim01,4.4,0,0,-2.2
455,Pascal Siakam\siakapa01,1.5,1.8,2,-0.3
456,Chris Silva\silvach01,0.5,6.6,0.1,1.1
456,Chris Silva\silvach01,0.6,6.3,0.1,1.4
456,Chris Silva\silvach01,0,9.4,0,-1.3
457,Ben Simmons\simmobe01,2.4,1.7,3.3,2.2
458,Anfernee Simons\simonan01,0.8,0.6,0.3,-1.6
459,Deividas Sirvydis\sirvyde01,0.7,0,0.1,-1.2
460,Alen Smailagić\smailal01,1.7,5.2,0.1,-0.4
461,Marcus Smart\smartma01,2.2,1.4,1.5,0.2
462,Dennis Smith Jr.\smithde03,2.7,2.9,0.5,1.5
462,Dennis Smith Jr.\smithde03,5.4,0,0.1,4.7
462,Dennis Smith Jr.\smithde03,2.5,3.1,0.5,1.3
463,Ish Smith\smithis01,1.6,1.2,0.9,0.5
464,Jalen Smith\smithja04,0.3,2.9,0.2,-1.3
465,Tony Snell\snellto01,0.6,1,0.5,-0.1
466,Ray Spalding\spaldra01,0,9.4,0,-2.1
467,Cassius Stanley\stanlca01,0.5,1.7,0.1,-4
468,Lamar Stevens\stevela01,1.7,2.3,0.5,0
469,Isaiah Stewart\stewais01,1.3,5.2,2.1,0.5
470,Max Strus\strusma01,1.1,0.4,0.3,-1.7
471,Edmond Sumner\sumneed01,1.8,0.9,0.7,-0.5
472,Jae'Sean Tate\tateja01,2,1.6,1.6,0.3
473,Jayson Tatum\tatumja01,1.6,1.3,2.5,-0.3
474,Jeff Teague\teaguje01,1.7,1.2,0.8,-0.5
474,Jeff Teague\teaguje01,2.1,1.1,0.5,-0.3
474,Jeff Teague\teaguje01,1.1,1.3,0.2,-1
475,Garrett Temple\templga01,1.4,1.7,1.4,0.3
476,Tyrell Terry\terryty01,4.4,0,0.1,2.6
477,Daniel Theis\theisda01,1.2,3.3,1.8,0.7
477,Daniel Theis\theisda01,1.2,3.9,1.2,1
477,Daniel Theis\theisda01,1.4,2.1,0.7,0.3
478,Brodric Thomas\thomabr01,1.8,2.2,0.3,0.3
478,Brodric Thomas\thomabr01,2,3.7,0,0.5
478,Brodric Thomas\thomabr01,1.8,2.1,0.3,0.3
479,Isaiah Thomas\thomais02,1,0,0,-5.2
480,Khyri Thomas\thomakh01,2.8,3.5,0.1,-0.1
481,Matt Thomas\thomama02,0.6,0,0.2,-2
481,Matt Thomas\thomama02,0.5,0,0.1,-2
481,Matt Thomas\thomama02,0.7,0,0.2,-2
482,Tristan Thompson\thomptr01,0.9,2.4,1.4,-1
483,Sindarius Thornwell\thornsi01,2.9,0.9,0.2,0.9
483,Sindarius Thornwell\thornsi01,3.3,1.3,0.1,0.7
483,Sindarius Thornwell\thornsi01,2.7,0.6,0.1,1.1
484,Matisse Thybulle\thybuma01,3.9,4.9,2.7,4.5
485,Killian Tillie\tilliki02,1.3,4,0.2,-0.3
486,Xavier Tillman Sr.\tillmxa01,1.9,2.7,1.5,1.1
487,Anthony Tolliver\tollian01,1.5,1.8,0.1,-1.5
488,Obi Toppin\toppiob01,1.2,2.1,1,0.7
489,Juan Toscano-Anderson\toscaju01,1.7,2.1,1.6,2.2
490,Axel Toupane\toupaax01,1.5,4.4,0.1,1.1
491,Karl-Anthony Towns\townska01,1.1,2.9,1.6,0.2
492,Gary Trent Jr.\trentga02,1.5,0.5,0.7,-1.7
492,Gary Trent Jr.\trentga02,1.4,0.4,0.3,-1.8
492,Gary Trent Jr.\trentga02,1.7,0.7,0.4,-1.5
493,P.J. Tucker\tuckepj01,1.4,1.3,0.9,0.5
493,P.J. Tucker\tuckepj01,1.4,1.7,0.6,0.7
493,P.J. Tucker\tuckepj01,1.2,0.4,0.3,0
494,Rayjon Tucker\tuckera01,1.4,0,0.1,-0.4
495,Myles Turner\turnemy01,1.3,8.8,2.2,2
496,Jonas Valančiūnas\valanjo01,1,2.9,2.6,-0.3
497,Denzel Valentine\valende01,1.4,0.6,1.1,-0.4
498,Jarred Vanderbilt\vandeja01,2.7,3.5,1.5,1.4
499,Fred VanVleet\vanvlfr01,2.2,2,1.8,0.2
500,Anderson Varejão\varejan01,0,5,0,-3.3
501,Devin Vassell\vassede01,2,1.4,1.1,0.7
502,Gabe Vincent\vincega01,1.6,0.3,0.5,-0.9
503,Noah Vonleh\vonleno01,0,0,0,-5.8
504,Nikola Vučević\vucevni01,1.3,1.8,3,0.4
504,Nikola Vučević\vucevni01,1.4,1.7,1.8,0.4
504,Nikola Vučević\vucevni01,1.3,2.1,1.2,0.5
505,Dean Wade\wadede01,1.4,1.5,0.9,-0.1
506,Moritz Wagner\wagnemo01,1.7,2.2,0.8,0.2
506,Moritz Wagner\wagnemo01,2.7,1.8,0.5,1.3
506,Moritz Wagner\wagnemo01,0,1.5,0.1,-0.3
506,Moritz Wagner\wagnemo01,0.7,2.9,0.2,-1.2
507,Kemba Walker\walkeke02,1.7,0.8,1.1,-0.7
508,Lonnie Walker IV\walkelo01,0.9,0.8,0.9,-1.4
509,John Wall\walljo01,1.5,2.1,0.8,-1.9
510,Brad Wanamaker\wanambr01,1.9,1,1,0.3
510,Brad Wanamaker\wanambr01,2,0.8,0.7,0.9
510,Brad Wanamaker\wanambr01,1.9,1.2,0.3,-0.5
511,T.J. Warren\warretj01,0.8,0,0.1,-1.9
512,P.J. Washington\washipj01,1.7,4,2.4,0.6
513,Yuta Watanabe\watanyu01,1.7,2.6,0.8,0.5
514,Tremont Waters\watertr01,3.1,0.4,0.2,-0.1
515,Paul Watson\watsopa01,1,1,0.2,-0.6
516,Quinndary Weatherspoon\weathqu01,3.2,1.4,0.1,0.7
517,Russell Westbrook\westbru01,1.7,0.8,3.2,1.1
518,Coby White\whiteco01,0.9,0.6,1.7,-1.2
519,Derrick White\whitede01,1.2,2.9,0.9,0
520,Hassan Whiteside\whiteha01,0.8,7.1,0.6,-0.4
521,Greg Whittington\whittgr01,0,0,0,-5.7
522,Andrew Wiggins\wiggian01,1.3,2.6,2.7,-0.4
523,Grant Williams\willigr01,1.4,2,1,0.3
524,Kenrich Williams\willike04,1.8,1.1,1.2,0.5
525,Lou Williams\willilo02,1.6,0.4,1.2,-1.5
525,Lou Williams\willilo02,2.1,0.4,0.9,-1
525,Lou Williams\willilo02,0.8,0.3,0.2,-2.5
526,Patrick Williams\willipa01,1.6,2,2.2,0.4
527,Robert Williams\williro04,2.1,8.6,1.9,3.1
528,Zion Williamson\willizi01,1.3,1.8,1.6,-0.3
529,D.J. Wilson\wilsodj01,1.2,3.3,0.5,-0.6
529,D.J. Wilson\wilsodj01,0.4,3.4,0.1,-1.4
529,D.J. Wilson\wilsodj01,1.4,3.3,0.3,-0.4
530,Dylan Windler\windldy01,1.8,2.1,0.5,0.3
531,Justise Winslow\winslju01,1.4,2.1,0.6,0.2
532,Cassius Winston\winstca01,0.9,0.9,0.1,-1.1
533,James Wiseman\wisemja01,0.6,3.8,1.2,-1
534,Christian Wood\woodch01,1.2,3.2,1.4,-0.3
535,Robert Woodard II\woodaro01,0,5.6,0,-2.6
536,Delon Wright\wrighde01,2.8,1.5,1.8,1.5
536,Delon Wright\wrighde01,2.7,1.6,1.3,2.2
536,Delon Wright\wrighde01,3,1.3,0.5,0.6
537,Thaddeus Young\youngth01,2.2,2.1,2.2,1.4
538,Trae Young\youngtr01,1.2,0.5,1.3,-1.7
539,Cody Zeller\zelleco01,1.3,1.7,1.1,-0.2
540,Ivica Zubac\zubaciv01,0.7,3.4,2.1,0.4
